,title,published date,url
href,Police give major update on missing woman who vanished at airport after missing connecting flight - LADbible,29 Nov 2024 ,https://news.google.com/rss/articles/CBMiugFBVV95cUxPMDR4VExYR0piUUl0S0cza2pWNW9XUWd5b2dCZGp6SkpLbWVWN3dwUnFoWTAzdlNjY2ZXcktNWUxWdnRfcGgtZEFhMVBqNTNXa2VpNEY3cjFaMHN2eHdBMlhNT2JhX3JIQ0QtZ2VJV0ZSZW5kel9WbDFjZTN6RjYyM3h6bVlsRjU4dU96MVJyTm9SWDJfdFpIbmExUy13MkNrQlIxS0NUOVNYNVBtZ2t3LWxZSDROVmViLVE?oc=5&hl=en-US&gl=US&ceid=US:en
href,"Woman disappeared after missing flight at LAX, sending concerning texts to friend, family says - WILX",19 Nov 2024 ,https://news.google.com/rss/articles/CBMiuwFBVV95cUxNWDNlYzVjNlBfXzJyUGRtOGNUUHl2VlRYdjl6NTFzR2xhS2c5UjVVZ215WkNacHJTdzBQT2Fkb3lXYTFBaXgzeERLOGFaWjZIZUN1TndHRzlKVVhIWlprME4tcUVJUFV6RENSR0VYY0Z4a3ViWU51dk5kRzdob3A2eFVTWTVYRGJPMUllQTMxWWlNMm9TemY5MjZtckJ5dUVWb0tPRzJMVWxjWmsyT3ozM25JQU5QWVFadFFj0gHPAUFVX3lxTFBvb2w5aS00X3JNV0Y5TFloWTBScmxNbDFETS1pLVFpQ3hhNUk1TjE3WU10Z1I0UGd3MVhkUC12eGNDdTBfWlcyV2hWU0IwOENNYWZzSGZENEdBekwtVHJ0TVVYMjJCdmJHb09vbWJTaGxmSUhFWXNBSFl1blctVHBmNDI5Wkc4RkhwNWkwZm1fTDFTZmppM1JDeTc1U3A5TU1lLVRKTGlUWkVtcnhMRWNSYTRKbFZNcV9oekdjNFVSQUtOazUyajVkTkdqNnpXdw?oc=5&hl=en-US&gl=US&ceid=US:en
href,Many hoped it was Amelia Earhart's missing plane. It turned out to be a rock formation - USA TODAY,25 Nov 2024 ,https://news.google.com/rss/articles/CBMimwFBVV95cUxOMjdzZHNtWnZXRl9XS1Y4ZlZ5MkRFd1g0WTRSeGJ1OElzdUI3VUdFTER5Z2Z1S0trRGlQa2ZoN3VFMnlWSUpCZV9fdUdfTWR2OHpnRUptYjczbnppT2hFUDl0RXhPLV9JZWN2RmZCSE1DcVZPcmYxRjBDVVFJU1RPT3BlbUJWN1BVYjRoQjVyQTgwVGJOQlRuejNUNA?oc=5&hl=en-US&gl=US&ceid=US:en
href,Malaysia Airlines flight MH370 vanished 10 years ago today. What have we learned about what happened? - CBS News,08 Mar 2024 ,https://news.google.com/rss/articles/CBMigwFBVV95cUxPdGFYRXNIbkNtRzlySkdZOVU1YzlDcnNrSHIxcUFaRERVeF9CY083Mk4zcmdsbnVfVU5zRG9qMXVuRTZHU0RkQ1JwYW1WMzM3Yk85YllKaXJUMGI5YmhSb0Q3bi1udkpfYVFLbURZRHg3Y0dwOHlROVZ4aGdKN2c2eXRRWdIBiAFBVV95cUxPaW9LalBVWl9UMndZVE5EaEtWa285N0ViY01uR2RESVo5SmU1WWJNbjFiWTNqdjFkM2dfcHd3dU84S2hua05LcXk2cV9MZWZjNXMtbXZoQllvZERfLXdUanFuNl9ta1AzeXRGeEVFajFRSzh2bThMWVJDV3F5bmtSLU5kaDNwWjVz?oc=5&hl=en-US&gl=US&ceid=US:en
href,The people who are still looking for disappeared flight MH370 - and why the mystery is so hard to solve - BBC.com,08 Mar 2024 ,https://news.google.com/rss/articles/CBMikAFBVV95cUxOeEhOUm1pNTNrSk1VZGZzVWRIY3BycVdZMTEtZy1nSFlKS0lCLS1IajRWSGVhVFlKVEhXWHpUZWozYms4WEV0aUc0Z1pwbmVZX3BfOXk5OU9wX2J2NjVHdlBTZFJRcGlwRGZGR3FLb1oxdlc4NEU3MHUwU0JiQVJHdEF0VTgtckR0WVpMSGEyRWI?oc=5&hl=en-US&gl=US&ceid=US:en
href,MH370 disappeared a decade ago. Here's what we know about one of aviation's biggest mysteries - The Associated Press,05 Mar 2024 ,https://news.google.com/rss/articles/CBMiowFBVV95cUxOTDQ2ekNjMDIzYVFkR2t4NEY5U1VnQU50S2xadGJ3c1YwSC1HQzJCREhlV0RuS3cyajJSZFVDcUVkS2FocHRqbFNfSEpQS1JWUEVicUZfN251a0ZsV3RKMU91N0FWMnFiNUpEMjhIUVdicmJVVzhDbWdrT3lMNVg5elJsOVd3SkNqUDJ6NUdyM1ZwNmZFeVlUaV9HZi1JVG1XaVM0?oc=5&hl=en-US&gl=US&ceid=US:en
href,The Unsolved Mysteries of 8 Missing Passenger Flights - History,08 Mar 2024 ,https://news.google.com/rss/articles/CBMiekFVX3lxTFBiM2hQbll6SWhfVFpzQWozelYtNktlSlQwNE1pTTRyZGxGVDdISEJpdHpIRlRCbWJyYzk3eG1HTW80dHhJc0IzeGZyYktYam9oTm9mV1k0bWh6dWkyZFVSel9JdTNFZF90dnVBT3o1VEdEMVp5MThQUTZ3?oc=5&hl=en-US&gl=US&ceid=US:en
href,It’s the Most Hated Airline in America. You’re Not Going to Like What Happens When It’s Gone. - Slate,15 Oct 2024 ,https://news.google.com/rss/articles/CBMijgFBVV95cUxQdXc3Skx5S2MxLW1yREc4QVctd3FYVHhzS3hnTk50a3h5dzRxYnJxcGYwMnV0bHZhVGd3THdDeWl2dWg4WkRtY3ZxOVVtZ2hEbTJKa3JaZ1hZV203Q1JONzNYcU1KLXVUM0JqejhvdjJPNzZrNTlmbXBqRTFLam5TbklXb0gyaEpjeDFfTXRn?oc=5&hl=en-US&gl=US&ceid=US:en
href,Search suspended for missing Sebastian airplane in the Bahamas - WPBF West Palm Beach,06 Aug 2024 ,https://news.google.com/rss/articles/CBMirAFBVV95cUxOYVBlQk5aQ3MtRkl5MWg3YTZvaGY3aERfQzRENjFDbnBDbGdjZGJTbHBxTUwwT2pvUGd0WENDZmdDUi0wT2w5VlJjcmpzWWpnVmo3YmVoaXphNTl6Szk3Qkp3S3dMWi0zTkR4R1dBTFZiZ0I1aHpkQjNBU19hUXFaNF9KNzdZU21wWFpiNTYyV1JGeE1La2FyOUJFUkJHeUJzYlZWaUoybTZuVkh3?oc=5&hl=en-US&gl=US&ceid=US:en
href,'Unsolved Histories' podcast examines disappearance of Flight 293 - KSL NewsRadio,01 Oct 2024 ,https://news.google.com/rss/articles/CBMicEFVX3lxTE5QVzJMM3Fhc0NWd1lqeGhsTzBSMDNVM2VpTzJxMVo3OTljWERHb2NvVWFsZDBfdXpZV1F2bnh4Tl9yUFBVclJhWUxtTnpYeTNaT3pTb1Z6UjF1UGZ3eWtJOHZpVmI2V3p5V2JxR0tLR2k?oc=5&hl=en-US&gl=US&ceid=US:en
href,Plane goes missing after leaving Sebastian Aug. 4; family and friends of pilot continue the search - WPTV News Channel 5 West Palm,06 Aug 2024 ,https://news.google.com/rss/articles/CBMi8AFBVV95cUxOMnFfekd0UEF4QXh3N3YwU2pTa1RSV2M4cVY0OURKS25XRm9Gbkg3OUVjSDF0Y2VWcHptYXRfa1ExRGZiWVFHN0hoY2phZDVDaHFub1BRcUkwbUx3MzdxVTJCb1NCZDJVVk9meEthTFd2ejJ6X2pFWXpucmRjczRYWEZiNHI0amlDX3pWakVTWTI3Z0RuQVhxSkZia2hsOTI1aVVILXpqc3RUaGRQT1JiYTVSUzlGR0dHR3N2QXNVTFZvNDdnOFNhbDJ5UzZ1Y1VOaDZFLXk5dTdWQk5KdmNGZlZwYTlHVjNqVm1UcUtpOVE?oc=5&hl=en-US&gl=US&ceid=US:en
href,Community mourns pilots aboard flight from Juneau to Yakutat lost in the Fairweather mountains - Juneau Empire,26 Jul 2024 ,https://news.google.com/rss/articles/CBMiyAFBVV95cUxPc3hmQklodXhIbEZqZF9ncjR6WHlkX0RsRkxJSnJ5WGd3dlBQdlc3dFZITnBMRHlWdnpwc29vQXJnZk5QYVhXWFo1c2Z4YVdrZVlXZGhtcHlncnd0V1BEbVNpdVRQb1RvclFQTHl0NFZqUk16ZjBVcTRUbmhVRjR6ZjEyX1RlM292NzJsa0pEOWIyYXBqbXdlZ2VNeHhWbTN4TkdPZ2Rmd2hfZnBZY0lzcU5vMDFic1JwUXBtT2tGanJKVTVQbWRZYQ?oc=5&hl=en-US&gl=US&ceid=US:en
href,News - Documentary explores 18 WWII WACs Missing in Action - DVIDS,31 Jul 2024 ,https://news.google.com/rss/articles/CBMijgFBVV95cUxNWTdiTEd1UUZSM0lJSm5kUndfaVgwR0I5MV84bU9wVzNEOHNjMG5aMXROQ0s2Rm1GRnAtZFVmTGpmWW42M2FoYm9EYzBCdjlSZG05bm5jbnlJd00zbHNTRFhNZXRJV1Q1eklVZDhpbXJWNktFMHhnS0pWV1BlSjBadm80d2FNMk1kOGtlaldn?oc=5&hl=en-US&gl=US&ceid=US:en
href,What happened to a plane that disappeared in 1968 over Lake Superior? A robot may unravel the mystery. - Milwaukee Journal Sentinel,09 Sep 2024 ,https://news.google.com/rss/articles/CBMi0wFBVV95cUxObHpna3NMSGM3VUNHZlhzSEVGX3kxLW1xMGF3SWgtN1RYWWNFYWtZNzZEbDhNV0YyMXJmWVVmb3FXMnhpMGtXTVdBaTNZMHVVczZHR3ViMmlDd2JJTmEwYm1FdU9VZ29OcXFCclp0c19iY3RYNktaejhoZkRNZnVVcnVrWEFxLXRrZUtrc1V4eTE5Zk5QR25UYzdDWkcxUFNTYXFWOUllbWdHREdmdmFmVDViSnlsb19fNGFpVGZTUjVYa0RUN3hIU1ppWHlYRy11ZWw0?oc=5&hl=en-US&gl=US&ceid=US:en
href,"Malaysia Airlines flight 370 disappearance - Mystery, Search, Investigation - Britannica",23 Oct 2024 ,https://news.google.com/rss/articles/CBMivwFBVV95cUxPdDJUYzNWNG5CVHRtZVlvdHJiSGNnakFLS0V0Ni04Qnp0RnROaG41QURMU0Nxd2JwbHNtb0JhTFVBVmJhakNVa1RXY2lrdmhHSkxTVmNfQVIxSVlrblh3RWpvMGhsX0JRaERLVUhWdjBFR3ZCbXNBZFBHZVdmSDZtREYtZFNqa2FYZGtKd043eC02RS1yWVZkSHVrTDZxNkhKLWRBTmxqT2tZeVI2QlZWOEZtTVpaa0hWdXVjaV9wZw?oc=5&hl=en-US&gl=US&ceid=US:en
href,A Yakutat-bound charter flight is missing after leaving Juneau on Saturday - KTOO,21 Jul 2024 ,https://news.google.com/rss/articles/CBMiqwFBVV95cUxPQ2VPbFk3Y1FFUmdpUEE4VVEwamxqTmJfY3VkSThtdGZDWWNGVHFfU0RYbFBJZW41OVE2T3J1cjVYZDZuS3ZoQWdqV05BUmtYVVVNcGY2ck5lT1J0Vm5rVjlkdVZSQnhBeXlzRWdhemJoNFZ6N2Y3dTc2UVFjMWQzdzRtbmYzSjF6akt3NUM3ZG1vSjY2YkMtendKTXk3X2pST3NhR1lTRnZ1cFU?oc=5&hl=en-US&gl=US&ceid=US:en
href,Scientist claims to solve flight MH370 mystery: 'perfect hiding place' - Newsweek,28 Aug 2024 ,https://news.google.com/rss/articles/CBMingFBVV95cUxQZVcwbTlnNHNpOWh0WFg3QmczMkNFVHV2R3UzV1BwWFpRT1phR3RoUjBLUS12M0gwdEhLYzU2M0tRSjRIQ0xpVVZwaTZIRzA5aktFWnJqb1VqemlUQ2MwTnczNEZJd1FWTXV0S1RiYlJVOXJueFRIeUpXSjBGLVpQd0FYUHdfRmlmaWNleEN3Q3ZFSmtMTWwxekJPd0ZxZw?oc=5&hl=en-US&gl=US&ceid=US:en
href,A jet disappeared in Vermont over 53 years ago. Experts believe they’ve found it in Lake Champlain - CNN,15 Jun 2024 ,https://news.google.com/rss/articles/CBMiggFBVV95cUxPQk1xTjRQSlA3YTVtTFRPY3N0anE0SUxadGRGWjljWUxoVktIaVJVVXNNaVdzVm1ibkdfSlRtb3NtS3A2QzdrZzJlVUZRZjY1aUpzaUNVaHc4M1BXYzJuQlh3dkcteUhRdlItTVppOWRLdnhsS2FWN3ZlSDgtRzhlYmJ30gF4QVVfeXFMTVR6Ym1XOUtWQXpBSGExc2daYmY5aURNcWtQd1JQa0Npb3NyWVh5NDNKOFpySzlZYm1ZaTRheW41cDcxdjFoOTlpLTRnQWd4WXNlRDdIanM3eGV1eWFpMUpyWi0tMVpkTFFUMUhMdFFuNVgzWUVLSWFO?oc=5&hl=en-US&gl=US&ceid=US:en
href,A jet missing since 1971 has been found at the bottom of Vermont's Lake Champlain - GBH News,12 Jun 2024 ,https://news.google.com/rss/articles/CBMiuAFBVV95cUxPblMwM3JnV0dfSHpzWmtLa0Y2Ti1ISlQwOXRkMFJkMnRXcUZQazJqX2NxektqS3NHRnZHWlFZWHBLdEI1M3lzUVhVc3FZbzJIZURqYmdFallUNjVnT1hTclVCMzBCbEplWG5zc1oxaUx0ZWVjMm1RREFIaEFGblNaZGhDZUNCZ1dsVmZIVkxYbDM4Q0VfanJHTElkWnNVcXVtQkdjVWwwVHZGdHhwR3RYaFg3WVQxVXdY?oc=5&hl=en-US&gl=US&ceid=US:en
href,What Happened to Malaysia Airlines Flight MH370? - Newsweek,19 Jun 2024 ,https://news.google.com/rss/articles/CBMigwFBVV95cUxORG82ZUtkeGxvUkg2T2VIMEZnVFM4NTIwdl9nYXhpLXk0akhzTnkycmZMQ3VmdjFHRHhfTUY5ZzZqUGpycjZwNGs5ZUJWZG51bzFXNWVpdWZxUWxfTGRrZkRrSUFWQTIycnVjNUV2QnY0Rk9LNlE4ekU5b0lUcGZWZnJxZw?oc=5&hl=en-US&gl=US&ceid=US:en
href,"Ten years after MH370 disappeared, what do we know? - Al Jazeera English",08 Mar 2024 ,https://news.google.com/rss/articles/CBMikwFBVV95cUxPUmFLVEdHNm5JMzRTQ2x0MkhNTDdmMHNfUl8tWDR2T29BMVpDN1BrZFc3RURUTS1Jcy1lUXhmdXhJeHVZNzd4eEVlaEJJV2F2d2hhTFZKRC1iMGZWNTRrZkhTVjBXWE9iZmFsY2RaWnBSRTJ1VDNBa2F2SXNhUU1xYjM4MWlzZnBXdGtIaFdJZ3puUG_SAZgBQVVfeXFMUDVheW5IazI4ZEs1LWF5aE1kR0pGMEVLNTNSRDJEUjhwa3hLS0RsV3doWEZVUVZnN1JrWDJMTkFBUXMzOVNPZnNJeEZXUHNZMjNOYkpIMjY2akxGWW1IeGdDOS15bDlscjBENTNWdlprM01Db2NaVUR3WVd4aUpfLU1XcXBUb3JlNS03WEMyOUtYaTBySnl5QjQ?oc=5&hl=en-US&gl=US&ceid=US:en
href,"Scientist Claims To Solve MH370 Mystery, But Expert Urges Caution - Forbes",28 Aug 2024 ,https://news.google.com/rss/articles/CBMitwFBVV95cUxQTE1iazROZmdJOVl2cXNQR2FDZVkwdnIwTjlZbF9DeUVzSWttU0pGc0ppUWVUWUZUWEF5UkR0WEpzUnZnbWlUc2h0MEpERjl5U09wekVZQThLUHN6ZThFOXplNVJwRWVvME1XWGhTeFlQMG5iazEtRzJNM2ZGazBHQ1ZpNndfdWVHVElTMG9kLXhyczNkNTRoNUxCMTIyZlVFaEctQnp2ZjNWcnpRZ1FqSFRUUUhpS0U?oc=5&hl=en-US&gl=US&ceid=US:en
href,Search continues for missing aircraft carrying Malawi vice president - Reuters,11 Jun 2024 ,https://news.google.com/rss/articles/CBMipAFBVV95cUxQQjBZMUJFVGZTOXdrdmh1WkpSU05yS0t2M2R1eWVRSjk0S1h1b3FSU05memFuc3A1NkNUekdZYllWdUh4dEtOcWdDdGtWZEg0REVUSms4d25SYldGdVpSajZJN2p0ZENEWWJmYzBYZnA3aDBEVW5EWGVQbC00aFNtQU1Xdk9yb0ZXcHNFZUhnS1g2TDhUOU1IY2h3alFGWUk1eUh2Sg?oc=5&hl=en-US&gl=US&ceid=US:en
href,Researchers Found Long-Lost 'Flight 2317' Entombed in Arctic Iceberg? - Snopes.com,11 Oct 2024 ,https://news.google.com/rss/articles/CBMifEFVX3lxTFBUazA2TnYzWHM3RU9OendwYUQ5VzhpbmNBR05uRjNjMGdwZDR1by1aTTV2N3g4aW5yZWc5UENkYll2YjJlWExlOXo0QTJSRi1Wa3JPNDJIY0s0dUlNS3BJM2VaTDB2M1lTclV3cV93U0VfdDExdjFQUks2MGk?oc=5&hl=en-US&gl=US&ceid=US:en
href,"Planes Are Missing Several Rows Of Seats And You’ve Probably Never Noticed, Here’s Why - The Autopian",19 Sep 2024 ,https://news.google.com/rss/articles/CBMisgFBVV95cUxPZmFNb1F0cnNBOHlJd3lUSFhtN29BUElWbDRyd1RoWmx0X2ExcEZnd0s4cVR3MENEVWVYOW9ORVV1YVpnOWxoaS1Db1djcTl0dlY3M1kxTk1iRWN1U2N0eGw3WlM2T3RYMjd3Y2hMQ1V1OHkzY0lYRWV3Zjl3d3l6dG9SdlBrSFc1ak90UGUzZXg4SVp6dW5vMjhKbXF4Vi1xMzBFSDNOOENpV0dLVEhlM1pn?oc=5&hl=en-US&gl=US&ceid=US:en
href,Underwater signals generated by open sea airplane crashes could be key to detecting final resting place of MH370 - Tech Xplore,20 May 2024 ,https://news.google.com/rss/articles/CBMihAFBVV95cUxPOGZ5SHlDUFF5a0NuZmxua0RiVzJ4U0FSbVVvXzQyTTRMMUlKMWhpaXhBZ0h3eTJLS0pZR3lZMFRLeEpsSFEyX25fdzIxVzZ5YVZ6aUxKRWZScGRoYmgza2tESjVpZkQzenI0WnREamJqXzNWeEFWazFsZUZhVlVaell6azHSAYMBQVVfeXFMTkVEZkx1ZTdlQkRzNDJET0xnay0tYVVmMTdNel9kOFJTUlFaRmxTVnJPMkdOM1VsV09OZkxHVkZxZWZaWDEtZS1UVmlZVEFvcGxuRWEwYjRZM0JoY09hWFkwMkd2LXo3TkN3ZnMzUV8zMWlvZ0dSb243RVNrV1BQemZhVjA?oc=5&hl=en-US&gl=US&ceid=US:en
href,Malaysia Airlines plane that disappeared 10 years ago could be emitting signals - Marca English,24 Jun 2024 ,https://news.google.com/rss/articles/CBMijwFBVV95cUxOajM2NzNBVXRsZ1huV1h3TWNTaThJQVR3VVFpbDUwU2hrUzdPankzM0E3T3VBYi1HaTJKcTBGOEtweXNuZnRHcXNkTmlBeHRrZXpWN0I3bThNbENXQVRmY2NNeUk3TGNoVDBKT3pmamhwSnlxQ1hUZ1NJSUR4REtaM2cyUGdKb0x2Q3JtZWg3Y9IBjwFBVV95cUxPQk1FWmJ1ZXRQaDVOWk9aemNGbnRHTGw5ZHQ1NG5hRk5oeVNfTnh3NXJUY1UzRC16YWZFdDVIS2JrQU9SMWN5alFDZ0RGcElXRk9veU9tR0ZGOFFSNGNDUl9UZUl1clBjSGg3RGRlMjF0Z0VyTkRIVVZKZDdRVExveHhYZHAxY0xmR3pvbEdWOA?oc=5&hl=en-US&gl=US&ceid=US:en
href,‘Perfect hiding place’ for MH370: Scientist claims he figured out where missing Malaysia Airlines plane is - New York Post,26 Aug 2024 ,https://news.google.com/rss/articles/CBMiogFBVV95cUxOSkNxcGpRb3ZzWU8yMWJiZTBNSXBqM2VkbFhZQzhUTFZxSXF2VEdRRExNZTJnb3F5N1BFeGJCa1R0TS00d0xVNkVUdlVENjRWaUxVdWl4bVM2aEN4YUZoWW1kZU1jbnJCNm1RTDd3bWdPUVNPd29QNjNaTXJQOFpscHBDeW1GUW1qN1VwbFlNNFdYdHk5WEpKcmwyMHhGTWIxM2c?oc=5&hl=en-US&gl=US&ceid=US:en
href,Extensive private search led to the discovery of plane that went missing between Juneau and Yakutat - KTOO,27 Aug 2024 ,https://news.google.com/rss/articles/CBMizAFBVV95cUxPNDI5TzktY05hUlRhRnRHVUtsN0d0aHFyRG96aXJVT2p4eFNGc095UUJoeFRxWXh2UkJQNVZlYjhBOE1IVUpWQUl6LVhBZ2ZENnZzcVR2Zk5ZZHNnQ1NhbWE3ak9VRkdzVENDU25FV05kUlJiV1ctOTZ4OHlfLUJiOXNIbWoySDFjNXVZOTZkdDFCdFgxR2JVREpWVktWd1VUa010RmhLcGZiMjBYZnFmREE3QWZIT2RTcUhsblZwQ05uTEZyZ2dyRjZkWVI?oc=5&hl=en-US&gl=US&ceid=US:en
href,Bahamas suspends search for airplane missing after departing Sebastian airport Sunday - TCPalm,06 Aug 2024 ,https://news.google.com/rss/articles/CBMi-wFBVV95cUxNZi10MGllU1VHZk16cWprVkpHTS1BS204THg4X0pzbW5vZm9wRzI3SlRKT18zdklaNXd6eTRURl9ZM3VKSlpld1ltVEhWN3BTWWlWQjVnTU1maGNjelFLU0VZMkNncWpNVHdEdHhZR2VUNnBaWk51dkZtQmJ0RnpIOTQ3M0EwWnBWSlVLbzBCRlVhZGZ6bFdFMGVBTW8teVBZZWs5ZDhVRzJmOFRFYjJhSEdadmxmd01DVDByeUtnYVRUSFE4OGpUTHVBcDh2S2ZWOWNYOVVIRUF0ZDlNMDA4bHd5UW44NEhSUlF4RFA2d2ZPYkVqU3hkdTZPZw?oc=5&hl=en-US&gl=US&ceid=US:en
href,A New Scientific Method May Finally Locate Flight MH370 - Popular Mechanics,20 Jun 2024 ,https://news.google.com/rss/articles/CBMiswFBVV95cUxOTjRZVGtyQWVLamhoZnNDb1RnaTl4Tzl2UVM4TmVRTUtuV0RyQU81aGZaX1RpUW8wQncxNlQtWkloSWJVNERNVFB5TzBWVGdFNi0zVURHRHBLZ1pWencyMFpVdjhNZ2hDbVZqWk5kQVI4V21qTUdMX3ZfQ1JHeFVKM25VNXVYY19xZzltbjU5R0l1TE1IRm1EUjQtLXp6SjhoTzM5MHRGdV8wN2Jvcy0yeDJXSQ?oc=5&hl=en-US&gl=US&ceid=US:en
href,"MH370: What we know about Malaysia Airlines plane, 10 years on - Reuters",08 Mar 2024 ,https://news.google.com/rss/articles/CBMitAFBVV95cUxOWldFemxlOTExaWFoY0Nmc0Vsa0o4U20wdmtXVW1vZ3M4dmJKSlk2YjZJSjBZZktNcnlOb3J0bEUxYmRuTFoxZTRNdXhPeWNlakd1RURYSjQ5dTZJb3FSQzBtLTJGcFlMNjA0Z1B0NmF1NlUzRENqODNDVWFRQ3hBVVEzc0dYWEZSU3pQVTFSd2pic3RmWmZLaFBBM25ndW1NRkdZRERTWHlDdEJ6TDZib0JkV0Y?oc=5&hl=en-US&gl=US&ceid=US:en
href,Underwater signals could solve mystery of missing Malaysian MH370 flight - Interesting Engineering,21 May 2024 ,https://news.google.com/rss/articles/CBMilgFBVV95cUxOZFpMTzhsanZHdkJ5UDhfRGlVaUoyeFZVTWZ5MmkyUV92VlhoYV9LcXFpWXVyTTRCdmc2dkJhaEZfa09NSmt6ZU1sdE1lZ2JkaWhvVE53aVdCeWk1WWF0OE03RGJEVjlzZXNfNUJVaUVDT1J2dUppLVhUQlMta1pqS1l3eEYtMWhuNW4wNHloS1pPSUxuMkE?oc=5&hl=en-US&gl=US&ceid=US:en
href,Malaysia may renew the search for MH370 a decade after the flight disappeared - The Associated Press,03 Mar 2024 ,https://news.google.com/rss/articles/CBMimwFBVV95cUxPQll4M09xd2J3NUF0NjcxaFBWWU5nRU44TWpxSWZ4OFJDWW5CY3IzVGEzTk84SWZ6Y3JyZm54aG5FZEJQWUhid1JTVmpIcE1OeHpYSGh1c3B2RkxZdjgtZFUtblBEOU5UY1lPdmU0QW94QWZFMkcwVVJaTFFmUXBuNTgxa0NoX3FFSFVCbXJGNlU0MmtvV0o5NXZYZw?oc=5&hl=en-US&gl=US&ceid=US:en
href,Texas-based company claims to have new evidence in search for missing Malaysia Airlines Flight MH370 - ABC7 Los Angeles,04 Mar 2024 ,https://news.google.com/rss/articles/CBMilAFBVV95cUxNX2d2cXE4N3huWWZrMG1waWVHNzBQXzE5RThPVGppN1dfLV83eDhVZGRwb3pnQzRKY0pEQUF2ODRwaUhicEtJRDRfb29seG53b3RCWld5cklIMGZuTFdabmx0eVRYV3pUOW5LT3JBT01OUWZ0YTR5a3V1OXlwWFY1bm85Wi0tVHpmSDVoVnZmRXF2aUFH?oc=5&hl=en-US&gl=US&ceid=US:en
href,United Airlines flight discovered to be missing external panel after landing safely in Oregon - CNN,16 Mar 2024 ,https://news.google.com/rss/articles/CBMiiAFBVV95cUxPcnFaWkp2ZUFIVXVYeFFrajc2bGxfX1RBRHdlV1NKY0tQbWlOT3VibVl2bFppajhyYk92QlpCcjdSR2NTbG9UNjNTZjhWTjBGc1J6bUxWRmFaRDlkeWllRlhMWjN5U0lURTFBQjZiLXVkREMxd1BmR0tIdVZfUG1fWnRmX1VDVmVh0gF_QVVfeXFMUGlZYzhIcUx1enhHVFRMWGJIVk1ONmw1NVNMWlVjNnJZNTNvbFVhNmFhWENYNFZEbGt2NTV5MGZmY2lpWVZmWHQyb2xZZmNjbFVFSm0tVTRLOG95d05MdzhuZFFUTzM0SENhb2M3RmNuT2RtRnFrUGVJXzhvRU1jVQ?oc=5&hl=en-US&gl=US&ceid=US:en
href,A plane that flew out of Sebastian Aug. 4 disappeared - WFLX Fox 29,07 Aug 2024 ,https://news.google.com/rss/articles/CBMijwFBVV95cUxQdzR2UmJFc0d4d3dxRkttcGtXbFhQR19fTlJVY3NvMjA2clk0U2RtYWw3R25XU2ViSU91eFc0ZDl5YVN4czBCLXNlcEdSVnVlVHltbE9UcW9jMjVValVHcGx1eE56M2lBOE96bFNHRC10ZTNDeUg0ZWtndURwdUU1VE4zeU5KTWtKOHg0aEQ2NA?oc=5&hl=en-US&gl=US&ceid=US:en
href,That one time in Michigan: When a plane disappeared over Lake MI - The 'Gander,26 Jul 2024 ,https://news.google.com/rss/articles/CBMipAFBVV95cUxOYUw4dWpQYnh6cUxlbmh2aGs5cjFkQ2Jsczh2TGszcGFCdmFEMU4xZTJpODQxXzZUSUVhcWFNNGo1bktONkN6RFV6bWhPczZxaXBNZmJkNnBCeGdxVS02Zk1FWGZTQXJid1E5U2NyTjVMMmpCOXQ4NW1iOVR0NTd3ZnQ3bEpkd1p6OEh4QlVpQnJVcVkwaE45ZjEwREFKVDJsVU1lMQ?oc=5&hl=en-US&gl=US&ceid=US:en
href,Search is Ongoing for Plane that Disappeared in the Fairweather Range - KHNS Radio,22 Jul 2024 ,https://news.google.com/rss/articles/CBMijwFBVV95cUxNZE91bldESDdfd29ZOFRucWFmay1aMElDZjZRVktRcTVjUnFScjF5elZoRkRMU29pNzV0bmJsUEFvUVo1SDRaYUlSZkEzZG14cXFwUDNIMWg3LW9KUGNuazBlcDhXUlpESjA0MF9tNzktUHJjYktIUGliQnhvb1lzSVJMb1h1NG1VT0JOWkQ4Zw?oc=5&hl=en-US&gl=US&ceid=US:en
href,"2,000 pounds of frozen fish missing after flight diversion - KIRO Seattle",20 Aug 2024 ,https://news.google.com/rss/articles/CBMitgFBVV95cUxNbUVjR2VtY2FzbTJBeTZaazlKNkxPQ0NLX3I5RnhabGR2ZkNyZWozbWlmLVFCYjZkOXAtSHFOZFdUM0FBMTI5ODF1MlhIQUltRjNobFYyWTBZNzdCZWFKNjBEVmdKSXZGZTlpaHkyUTUwa0ZzS2QtUjRUSUVsUUdvXzNQdVdUb0ZtSjVCcUpkY0ZDb1VkVWszNmlVREU3OTRzeEF6U2tsaTdmazF5U3I1bHlyUXFOUdIBygFBVV95cUxQYlNackhCLXlyWmw0MFFEd0Q1M3dRNmY3dENXVE5MYVhYVlc0SFpMSjNBNE5rMGxHbTN5QXBZWVZPSTN6TGlNNWtISTc1OG41QjZjNnE5VGE5SnBLeFVtcl8tdkl5dDBsUlJ0aXBqN0I1cmd0VmxoZm1GNXR5NVdXc3dfSGhtSkEwQ0RkWlhhRnctREhDLTBERlNBRXNxaktyVlRiNEhmRUlvNGxGU3IzVlhiTVRWYXRuTDBVdzIzZ2g5MEtPeTZSSGlR?oc=5&hl=en-US&gl=US&ceid=US:en
href,"""Perfect Hiding Place"": Australian Scientist Claims He's Found Where Missing MH370 Plane Is - NDTV",27 Aug 2024 ,https://news.google.com/rss/articles/CBMivwFBVV95cUxNNGp0RmhPS05tUXFGblRmUWpQOVNyemlwOFJkS2cyZGx6ZWg5OE5HQ1dqNWNyYXp1NVdYOGhTNDctVUZDLThidnBWWU9tNTlhTVBQYzB0Q19waHpwcjNnNEFvQmd6V1N5dW5sVEpIbktOQzVROWtOMEF1VmkwTERReE4yS3NuVTZaOTlvYzVKMUVDMnFIeG9nSWdhMkZZQm1KQUNveWZqaDBoY1lmTDhidmd5Sjk2NUJnNjNPb2ZMY9IBxwFBVV95cUxNSVNOMFlTMzRGRFk4eDJfMUl6YUNROUFZa29RRGIydDhjVllZaHc3ZDFWS2MtTVNUcFFCckg3Z01lamZIbG1uMU9yM0REZ2V3RGtDc1l2Znkydnl6MURwQ2xuMzdtaVZnU2NWWDhtd01Lb3JRZUJDbHpYYlRoU2dDYWQyWWMxX1hIWm9oUENWTUtwdnd3YXc5SWd6alRxVlg3UW9sdWVoUnQ1MXM4M2lBTkxmQ29Cd2djQVppdnlzcnNUZEZacEZz?oc=5&hl=en-US&gl=US&ceid=US:en
href,Renewing the search for flight MH 370 settles a mystery ignored too long | The Loop - Daily Free Press,07 Oct 2024 ,https://news.google.com/rss/articles/CBMivAFBVV95cUxOUE9FNU9qel9EZmQzYkVLYUppY1hUWHM3cVBPZlcyMDdHZWZkeG5lWTd4LUkzQ2NDZGZld0ZOTlJlQlhGeVZLYUN6NC1xbDYxYUplekM4RTluejJXT2pOYmRxN2tCX2ZlT0s1cVVERmRHb3pmLTVjT3J2eVMwbm9PX3VEdXpXalYyWDNrWDZIVmNHbkhkQjhKRUNiRE1ZenVWc2lPUXdkalYzOHRmams4OHVnUlJtVllFNjFNZw?oc=5&hl=en-US&gl=US&ceid=US:en
href,"53 years ago, a small jet vanished in Vermont. It was finally found: Maps - USA TODAY",15 Jun 2024 ,https://news.google.com/rss/articles/CBMiqgFBVV95cUxOLWRhaGl1RVJGdE1DMjgyREIzVlp4ZkhJRUt6UHJVNjVvREEwQWFsbmRJWjQ0VG1UOWU2SGNHZnlnbHNlSnRrc3l0VkRQOWNyQjFsYVRBNGtOeTV5QU9ubzBVUFhRRHZOQTlwcGlDYjRzanROaVJIVGVONmxPTmtGc19aVzNCNFJPc0VCaTc5NUdaMk5Mdl91M01OYzBhMkxnREVjblN5aFg4Zw?oc=5&hl=en-US&gl=US&ceid=US:en
href,Malaysia may renew search for MH370 nearly 10 years after it disappeared - CNN,04 Mar 2024 ,https://news.google.com/rss/articles/CBMimAFBVV95cUxNVkhBM0VDUUsyYUpMUjI0UVRKMjJiNWxHSVgxb18wTkc4WW5ITUhFdUZpRTROaEFUVXczcEF1UXJoMU9IdlE5MVpwblZSY0x0dW9jZkp0Y1VhazdWX21wejcxeDNfRS1kMmdrUDB2QU5KNUlOVE9ib2tTR3lqeUtFeUkyYWltd2tHWjA4YjVuRTBXalhEQTJkVdIBjwFBVV95cUxQanFkOWx2LTRsY2FQWGsyVnpkeFRPUWxBMFBWTzV5cUhvOExOYmVkTnlRUXUyMEE2TlY3aGxsbUd3QnVmSnU0WVFfZnhxcTA2azROVTZGVDlyLU9rSzRJanJSeDlPZlhGNXQ2dDg1UnJzeFNaU3FMX1ZtY3M5N1BsT0trOGZ5eF9nb2FjaHJKTQ?oc=5&hl=en-US&gl=US&ceid=US:en
href,"Missing Malaysian Airlines Flight MH370, which vanished without a trace, may have been found - The Economic Times",02 Sep 2024 ,https://news.google.com/rss/articles/CBMi6AFBVV95cUxPZGdWTWRkYmZJTm83RV82MHQ2OVBwT2o4cFVLcDA1V0luVTZEVDlXSzhjU0hvZWpSV3FCVnNyM1FJbFpFY0tZRXdVMnJNNmtCV3k5Tm9tMkdhQUJCcTZfbDZTVUlZQ0ZfTURKeGt1RVNJVWdwZkRmckxGR3E4MXNjaEQxZkJNYUk1Wi1Od1BDUS1lOHJTdnM4VWJoWXB2bVZBLXhoZ2hRRDFtYlhUQWVjV0I4dTZGYmdGRnNzQnJDVjlMelFpNVkzVmZzbnZmZWlTSUh1RGs0eG9Va1lNWWZVamJUaXdrUU1s0gHuAUFVX3lxTE1RYy13MU1Cc2Q0R2xJbWRRZVBBNFlSeW40SnJsclhiOFg5TllQTmxfSk1MNnQ5ZGM5cjREVkg4aUQ5Y1k4emRReXB3RG4yVVhKeUVGczVvYnlxYTlFMkxQN3VMOXZiTDdIbUp4RkJuUGRXXzlNWFl3N2xnM2RvMzhoT2g4Z0J3aDg0UjNxTWtMbHRYVktBWWJpNkYyamwta3FBTWpxRVFmd0ZpbGdJdHZ1SmlzSHdqTjlPQ250THoxS1ViZ2RMR2xQUS1MMjVZLUVHVVRnLVl2b2h1cXlRTDBvQW1rdU1WQTFRRmg5SkE?oc=5&hl=en-US&gl=US&ceid=US:en
href,What happened to MH370? Every theory about missing flight 10 years on - Yahoo News UK,18 Jun 2024 ,https://news.google.com/rss/articles/CBMilgFBVV95cUxOZENhNmtxamJPaHRHdm0zbldCMnpaZWxodnRBbDBNUktwNmNtbkZhNkVQUEVmQ3dCeURGUWkweGcyN1RkMEZNQlVVMlRMNURLZS1KNHdLQm01U1ItUmhJSUFWX2xXMlNWYXRLV3pEWl9wYkpiMHZXV3dQdjdyRzZBOUt6LTNna2FTZy1PbU9KUXhrUXN1VEE?oc=5&hl=en-US&gl=US&ceid=US:en
href,US-based company revives hope for finding missing flight MH370 - New York Post,17 Mar 2024 ,https://news.google.com/rss/articles/CBMiowFBVV95cUxPMnpybUpOUnZTYUY5SjJNRm5IUnlxbVpwbHg0V2NNU3pUZzdOVEh1NVF3Sl92MkQ5bUtLcmwwUi1TOVN0Q200T01USzR5MEFucVhXanA2NmhlSEM1NkxtNkZ2clVwQTdPU004b1VPc1IxYl9INTFDNV9zV3pLMDcteGc1ZXdhRHZVTk5EMXJXLUxfSUtyM0lZb1pZcmdGWC02UFpn?oc=5&hl=en-US&gl=US&ceid=US:en
href,A United Airlines plane external panel discovered missing after Oregon flight - Los Angeles Times,15 Mar 2024 ,https://news.google.com/rss/articles/CBMizAFBVV95cUxPYWRubXZ6RmRCbjRfa1RaSldVRklIZ1hPcTAyeEFEb1I2STQ0WmZTY2dxX005OG1WZm8tRnlQVlJzVVVkTFBlV214bUpaZ0RtZEtTTHV5a2FLTTF0VWdxX1NsSGpaTmZXbTJpanlBSHBPRmNJYlM1c3RIXzA4RUtJa1ZvdlVEVXp6bEs3NkxaSURocmZXSExpTEpLWTN1VG1hSFVyalB6Z25LaGpiYnR3MklaT3RBekh4WEJvTGpheDY0alJJeXRjbXdnN04?oc=5&hl=en-US&gl=US&ceid=US:en
href,A jet missing since 1971 was found submerged in Vermont’s Lake Champlain - The Associated Press,11 Jun 2024 ,https://news.google.com/rss/articles/CBMiuAFBVV95cUxQRzRVMXNqX2ZncmJqVU1GaUd1TmpVa3RodUVhT3Vxdzdtcm1YVjZmN3FOU05xNkNlbVd1ZElWbDl6TjlfYTBmNmlNSUxwRGlwTzE0SDN3bm94WEZJb01La2F0aGY1LTRhTDNxN3RZakZwSUlMdWpXNlAxU1pSZVRGTlRJekV4VWpWcTd2VDBTUEFmeFI4dWItaThJdjVqSDF2UUptdnFsZ1cwekNwUEJqSlhtNzNDSzJP?oc=5&hl=en-US&gl=US&ceid=US:en
href,7 Unsolved Flight Disappearance Mysteries That Are Still Unsettling - TheTravel,10 Aug 2024 ,https://news.google.com/rss/articles/CBMidEFVX3lxTFBEcU05LWM0WWMycG9YanhZQmZxbjVDMGx5N2pJRS1raDZXc2tfQ1hOQWZtN2pNUDRVME9sRl9PenllZk5EWmtHY2VuaXZnZ1pUNm14dEtYcjRQYUVjaHNpS2h5T0dCRV9SZTcxWVBuNnRrRXJ6?oc=5&hl=en-US&gl=US&ceid=US:en
href,Coast Guard suspends search for 3 missing in plane south of Yakutat - Alaska's News Source,21 Jul 2024 ,https://news.google.com/rss/articles/CBMitwFBVV95cUxPTUFPLXh2NlNyX2xrSm16Q294T1lpem5RRkR6Sk1xUzdrUkhsR2dySm44bXM5SXYybTM1eVJ3Qm4wRDc5T0pobGpscWNrUkM0Yk04ZXhsZlVFZUFIVVhmN05abk01T1dsMldxWVh0OXFKWVBIeWlsMWZ4TDUzaEc5ZUphc21VbXNvTHR2TTQtUkpSM0dydnV2Y1c4dGtJVDBSUUwxZ1g0d1pHRG42YWY5Z0dnY1FBY03SAcsBQVVfeXFMTXpRT2lIcFV3Mm5oa1pvMlpQcUpxVm5qTU1vbVRaYVhYajQzWGxmRlowOFJJUG9YRUtuVG5oZzc3dFIyMlAtTlozVnZEcmcwUTJCN183T2dzemRxWXoxY2RhZTBXaW02NFZTTEtXaTFhUUVjcHN3X0poUExCOU9xVnIwUks2WUhjN0lTSS01b2hRd09PZkJkWk9Ya0kydzZ1N2Q0cVl2b1pQd2d6MGh3YUxIcUk1Z042cnFVTU5SMzRxbjl3VEplQ1RvMTA?oc=5&hl=en-US&gl=US&ceid=US:en
href,A jet carrying 5 people mysteriously vanished in 1971. Experts say they've found the wreckage in Lake Champlain. - CBS News,12 Jun 2024 ,https://news.google.com/rss/articles/CBMijgFBVV95cUxNNkRleGQyRUo3OTlSdlFTNEk0ZFc2RVU3WFlZalExZlptQ1VqR1dELWE0UnZwSFBVejRqOXFpNTlmSU9HVFFCTktGdl9tVlpnMGVCT2JVbllMZVhyeVJvQ0FiTlJ1NmR0R1p2YUJhem5fYktoOURNMnhJdS1FTHZOdlJ3X3J6NGtDRFJ4YXNB0gGTAUFVX3lxTE42bHBxWEgzVkNsTUZMaHRFLWQwN2h1V0htX042bmY4VWoxNHJxY2dTQ0dxV3VkSXVDMldyZEo0X0FObXQzTUZXbjdROTVjVENWNEtFWlRtMHhkVmpzb2x0RmoyU28xODRDQ1lDeFhGd1FxTHNza1dTRkFaVHFTU2NSTzZSYTY4N3RsZGFMNVpZQXpZbw?oc=5&hl=en-US&gl=US&ceid=US:en
href,Older Boeing plane found to have missing panel after flight from California to southern Oregon - The Associated Press,16 Mar 2024 ,https://news.google.com/rss/articles/CBMipgFBVV95cUxONDhYVFhoMm1lYi1vZ0ZlQUQ5bXpvcjJ3TmowRTlBeWRVMnotZHAxb3k0a0RmbXV6dU5yT3Z6SmdvaFhLb2kzU1NpalVuTWNpRGRpV0lvWmR6emdWTFREQjVCZ0NHend6U2tMZmxEMEZkZmE4ekowZElUcndKcXBDNjR1UGc4dHpnUlRkaUNNRThUY2pYajJtbHdYVmlFNmRTTzVzWHJB?oc=5&hl=en-US&gl=US&ceid=US:en
href,"Malaysia Flight 370 went missing in March 2014. A decade later, here is what we know - Yahoo Entertainment",01 Mar 2024 ,https://news.google.com/rss/articles/CBMiiwFBVV95cUxQcFlBVG11TWpBRmRBRHREX3VnRjBYM3N6c2FkNkY3bFJXeFdUVEtBc29MSGU3UmRoT2N5TnROYWFVUHpZbUg2YWNzbXNVbUhUUlc3ME9aVXpaMWxkanAwcF9YR21Ya3hjQzAwSmE1a0tQazVLaGc3VWpwMk5oM0ZwdmZERFdyRVhpTDlR?oc=5&hl=en-US&gl=US&ceid=US:en
href,"Malaysia may reopen MH370 search pending new evidence, government ministry says - ABC News",04 Mar 2024 ,https://news.google.com/rss/articles/CBMitwFBVV95cUxQeFB3eXlSaXJWZFUtOGlvYlRxdC11clQxOXhlZThHb2lMbU5mdWxZanJLREo5akVtdTU5SzRfYzh1aXlqZ0ppN3ZpSlV0NGRtZS1aTEtCTG43X3dpLTh0Zmd4VEF6X0FUTTZDTWJ5ZnV4d0o1THlkLVF2c3BHMlFReXdzUFNNT01VVjU5aG8tOFE2bmc5NGxrblNid0E5RDUwLUdYTWFXZ3JhNlk0ek1VVDhvVjVwbXPSAbwBQVVfeXFMTVlodDQ0VnVwSnFCLVE5V3lmSmdTUExhMEE3QTR6X3ZyOUVHZVhHVVE5YUpyRzBfcWlLWlhNbmxiT2Z1N2lrUjVEcEY4MGhjVHRkWHhWNDdGYy03aV9CekhTcGthYUh2TW1TNVJCZmlwU1dTVUtRY1JuMXM2WXdURk9NZzlVZWtJYzZHUFV4TE5uZzRrZnNjbXQxRWRwaDVCcVZvcGYtUlBXNE1CeVpqSkt3X3l5WHBvS3V6VGw?oc=5&hl=en-US&gl=US&ceid=US:en
href,MH370: The families haunted by one of aviation's greatest mysteries - BBC.com,07 Mar 2024 ,https://news.google.com/rss/articles/CBMiV0FVX3lxTE95bkk1ZklEY0MwcndmTHRaWHNQSGhNTzV2cmJvaXZUVFJkQ1U0NjNHSlN2UW1BckdudVFsTFFreHdJZFMxdTFCWEZhQUJoWmRHQ2t5SkhzRdIBXEFVX3lxTE8xN1FnT2NPdjRVUVJlYTRGWVVxZmRWZkdIVWtJRXVSVEtnRkx4MmUyQkhZSHJQMGxtS1VSQXVlaWVMOVVMd2dYdlJHNFpnNUpBdWM5N3VLWmgxaUM1?oc=5&hl=en-US&gl=US&ceid=US:en
href,Malaysia Airlines Flight 370: The plane that disappeared in thin air - Firstpost,15 May 2024 ,https://news.google.com/rss/articles/CBMivwFBVV95cUxOXzNURVN3RFBwMGNhdlEwSzFGY2NkOWZVYm1NdDVCd3JFZmdPTFBvZUdZWEFLTkVPRUNRbnFLSDNkZGh1eWptcFBYZXM2UG1DcUJUV0p1RU9kQlhNdzBWVXotMWdqMHphZ3gtZWRpa0N1SUxjLW9lcTZwMDBTTGtISVQzNlhrTEtYcVBWRjFlSWdkbDQ3MHMwdjFaemVKWW84TlRZSUE3by1hcDJoMldnUUthZU02YmlFMHBlYmhJNNIBvwFBVV95cUxOXzNURVN3RFBwMGNhdlEwSzFGY2NkOWZVYm1NdDVCd3JFZmdPTFBvZUdZWEFLTkVPRUNRbnFLSDNkZGh1eWptcFBYZXM2UG1DcUJUV0p1RU9kQlhNdzBWVXotMWdqMHphZ3gtZWRpa0N1SUxjLW9lcTZwMDBTTGtISVQzNlhrTEtYcVBWRjFlSWdkbDQ3MHMwdjFaemVKWW84TlRZSUE3by1hcDJoMldnUUthZU02YmlFMHBlYmhJNA?oc=5&hl=en-US&gl=US&ceid=US:en
href,Malaysia may renew hunt for lost flight MH370 - Euronews,04 Mar 2024 ,https://news.google.com/rss/articles/CBMizgFBVV95cUxQRTdkWUgzSDVSa29ka0hqZS1rckphRGJTcDVCVmhoVmFHUFFFSlM1cmtWYy15VU9aS0RBX3RLRzl6TUQxNDJTeUFFSzJ0N2c2VWVLeWFkRlBVcEN0cWg4WmhGamhUaTRwWkljeVZkOGN3V2lMV3RrQklrRVhWZ3k3SHllVXVNZkR5M2JYaW5VclcyY0xQNWFUVnBKQWdQWUxselRZU1BfX3VEWTA1ZDFWV2RNTGVhZU5hdzExZVQxUktwWm9MSW1aZ20xQlIyQQ?oc=5&hl=en-US&gl=US&ceid=US:en
href,"Malaysia may renew hunt for missing flight MH370, 10 years after its disappearance - NBC News",04 Mar 2024 ,https://news.google.com/rss/articles/CBMiswFBVV95cUxOZ0oxaDlXaWlHVnZ4MkpIeHZGcmFlSXNWLVZiR091emhjV1BoOUhzbm5WQWkzeFB5NmFKcXA3b0ppQnUyd2VVOTJqam1EWWhJU2Jaei1PVjlvbU9ZR3pCZmdNc2xiQzJ1S05DV2N4Zk9TcXpIUW5xYmVLWUF4SThvdDVHOEY1ekh5bXRNRUZITjRrVXRYUXU2WEN2bl9aZUxwaTZKTF95TG9XYnpZY3B5R3lfONIBVkFVX3lxTE9GZFBPN3BsOGpiY0RIMlJqUDNHY0hZT1BSMHVvbVpMNjNjOFhQZmRkWlFNOHc3N04zNkpQWXZmVGx6czUxUWxSUW1ycDVpWDh0cGlBb29R?oc=5&hl=en-US&gl=US&ceid=US:en
href,Could it happen again? MH370: Ten years later - Aerospace America,01 Mar 2024 ,https://news.google.com/rss/articles/CBMikAFBVV95cUxNSllsUk1rRTdncWk0LU1uYnRPakR4TGw1cktBS2Z1RzJhWUp4THB2RHAzM20ybVVKWXJmVl9qc2hxTXRBX0ZwcFRRNFBnOXFUeDdXdnJodFdXX3NxR19GVk82Mm82NGVfOF9kLV9DWXJsQjl4OVBNaWUyRE5OeG01aGNwQnZheWhFRDMzZF8xOWI?oc=5&hl=en-US&gl=US&ceid=US:en
href,"A decade after MH370 disappeared, planes still at risk of vanishing off the map - South China Morning Post",25 Feb 2024 ,https://news.google.com/rss/articles/CBMi4AFBVV95cUxPeUxkT0Q4dDZCVFQxQXI2R2NkTXdMaGotQk9DWGFtUk5HN3A3eGhLVzU4VWR5b3F5YVN3a0FYXzNvUjh0QlUxeDJQQnYtWFU4eHdrdUFPLTVaMmRLLUFPVzh6OE9FbTVrOUEzeDMtNmFoVXZBNW50R2hjSjZ1QkU4RmdzZnBRN3VlMnloUDJYSkw3QTZua0dJZ3V5Q3FBYXpPTU5UX3VEV0tTajl4VG5PMll4WUhualJOY25rdTd0MjI2Rkc0VUJHemlNTi1rU0tXbnZ2MHdmc3lTQUJFWkg5ZNIB4AFBVV95cUxQMXdteUpHbHZmanBqd3I5UUJFb1RnMWhLdzFQLWVSRUE2cGkta3MyU05SWXhVRzAyWDc3T0NuQTc5TGg5Zlg4aHVzVDB4QnRXOVlHNGNCX2pFTUMtR0wzMjdtV3llMnNKTUlfSk5LNElEc3lrdTEzODJuSHJLRlJjei1RaFNmNHVZb2N5aWhoN2xXblBvUkd5dkFuaXBQRUtkaWttenFlNjhCa0p5bkZlYzkzWVVBSDJQXzFtVmxaZjZTeXJRb1pqTFhvYktkWGpFOTJqTUxjT2xtdmV5WWQybg?oc=5&hl=en-US&gl=US&ceid=US:en
href,MH370 went missing 10 years ago. An Indonesian family hopes it can be found - Al Jazeera English,07 Mar 2024 ,https://news.google.com/rss/articles/CBMitAFBVV95cUxNUEhEcXFrR2VBbmNFd2EyUE9aa0pLUEdSNDNlN0dvWWpwdmxrN01vZHJZMUVlZ18wQTlscjFoSUdrRkZhR2dyNXRNaHh1R0hmVjV5VVV2NU5aYVhxS1BvbGJaVG42ZU9QQlpQUVRHSlJWVTVsWFVTamhnbmx5ZFk2Q2duVklxWFpnRVRuSTFtNmdsOFEtMzVQdXFER1pjZTRodGNERVo3SkppS2N0Z3RDamlJSjnSAboBQVVfeXFMUHh0akt3UHBfZ2c0UU1vVGlRamdyTEZsQVNOU05xV0p1dXVjQ2JQMUE3WXRjTDE2RVVERFc0OFNEdXduZFR5am9nQkl4bUwwME5jU2diakRMaWFJYVg2dkd2aGRSZUR2cUNDUk9zQmlIN1lSMTRuMDI5U0JZeUVDd0o1OGUtc0RaSENrVVdoMGdxei1jMENFRzlpWmJGd2NfeGE5TjhxbF9hYWNVekI2SWFzMXRpRjRONmJR?oc=5&hl=en-US&gl=US&ceid=US:en
href,A brief history of airline food’s rapid descent - CNN,11 May 2024 ,https://news.google.com/rss/articles/CBMie0FVX3lxTE1RUEZVVFhrN2I4Z0hnWkY1ckpZLXdRRmVQaXIzNjRDLUVTbUhseUZFOFAxYjdCak5HeFJVN0VjdHFXV2lteGN6Wi1odlVsYzJYYjZwRl9CSFIwQ3dXa2Q5ZUxtS0hLNl90UDlQbUF5LXZUZ0tYUjhCSGpiNNIBckFVX3lxTE9QX0xlZHRYQzlZbTN0ZExoNnQzcUo2cks1M3ZmMU1WYlRyVVFNb19zVkc5TmRTY2dGSlYydVQ5OHZEdmlLYUFfTzJZa2JDUVBHSVZ0OHlPWlpOUXFDWF9tZ18xc0o1blkxV1hvY1pZNDlIQQ?oc=5&hl=en-US&gl=US&ceid=US:en
href,FAA investigates United Boeing 737 flight missing panel - Reuters,15 Mar 2024 ,https://news.google.com/rss/articles/CBMi0wFBVV95cUxNRnR0RlJEVlNyaVN4eXFQXzdQaFlyZ19CNGhuTzhhM1lJN19IbmVLNEVGSVdPaWtnT25nSDRkcHFrSnk5NWtYcWdvZG05aG1KRUxvM2hxNU5qQUVGeXJ5dmRtLTdLRGZKOW1wR1pnTTZPMzd4ZW9TMTFMcFZoWld0THNGT1I1OFlGeHFTSTZsTnplT0VNOTJBSndFd1h6YXk4TE9rZEV3bXV5em1NaThoVlB2eG1faF9aUTl6VTNaMldLLWdHWm5yZXR6Nkx0WXV3dE80?oc=5&hl=en-US&gl=US&ceid=US:en
href,Local man among those missing in 1950 airplane crash mystery - Williamsport Sun-Gazette,27 Jan 2024 ,https://news.google.com/rss/articles/CBMirwFBVV95cUxPSWVmT01fUTVJZTVtN1RQSHVlVFBLZklQRlN1U21lRmE5X2NIelNkX2ZmNmFxMmpUZU8wRnJTN09EeGFIOXlXXzVaLTJlYTVodGZHbUxQZE5HOGRkazhIdW1nOGxpRm1kN3VtbGFWUFl5Mmc4dWFMNFpoeUtBWHc4YXBWTU1oaHM0N2tvUlVHZ0JRM0hEMmVZZlZyUUhRT2VfS3c2S2tSelhxaGptck8w?oc=5&hl=en-US&gl=US&ceid=US:en
href,MH370 flight mystery solved? Expert claims to have discovered ‘perfect hiding spot’ - The Independent,28 Aug 2024 ,https://news.google.com/rss/articles/CBMiugFBVV95cUxPNXVpWTBZaVVGMGUyeXJPeE5SM3drV3BScFlvV2VPOGcwUVp1aTkxVHpEUFdtYXdERVdLUXdJa1d1cklzd0NTQWR6NXhwNTluLVB0enpQT1R5N3AtMWVLTWF2X3A5Wkd6Y2VhR2Q1NjVxVWc1RF84Q216Si1UUGN6dzdfRlBucUhpeEgzeFdEYnFRRHlQMXMxNGxFRzlFaDcxVmJ6N2NIeGN2ekxNZzd6LW50UHFKMmZDcVE?oc=5&hl=en-US&gl=US&ceid=US:en
href,Missing Plane Found in Lake 53 Years Later - Newsweek,12 Jun 2024 ,https://news.google.com/rss/articles/CBMikwFBVV95cUxNcVFnWENRYWtxYkswS3BOTlNHakVMSDd4VWtWcmdqam5jWHc4LWJBMmFnZGVBUDlIUUhjMDJ0V3FIcWdrd0NqUmE5VHJ2MHRUTktJY3AtZlZOcWlodEZ0cWk1cm8yb01NU2hHTXBJak9ObWNxaUJRU0puT0NzNTBweXBmaU4yLTRUM0RqRngyZkdmSkU?oc=5&hl=en-US&gl=US&ceid=US:en
href,MH370: one of aviation’s biggest mysteries remains unsolved 10 years on - The Guardian,06 Mar 2024 ,https://news.google.com/rss/articles/CBMixgFBVV95cUxPeElZdjJNeUFkWHVHTmtKdi01d3BudHhQU3UtTDl1RHE3blNDS2NYQkUyc1dIdmlzVnMxekZFZlNuSnU0R1ROTllNMU84NDB5UDBTZUtlNzlTTWZReDI3SWN3YU5OUUlMcTE2RTlOdGUzSHN2VVFQeWQ1X0RjUk5udDBMN3VKenByQk1EMU84aU41NjZBNkNVOW1VanRTSGJxYnJjR3dCR2RLVDVJRkVDNU1RTVJVNU1DNEFlRG93bHYxcXhUenfSAcYBQVVfeXFMTTM3bGh1WjV1YVhna2xlelB3VEMtaTdTMEc0N2RZa2VtS0p1M0tZYVFRUE4tRGtKNG0zRFVfUHcxNDhseEpkUGVOeGg1eTJqOW1JY25RWktETjBySndubzgxNHBBQ2xRUEJiQ1Z4RUNQQUhVR04tQ2tKdHNkVElNWWF4MURmVXFqM0VCUFhZUGZvS1hxUjlNSWRsNUVyQlcyeHlIYmkxeWZDUjRXd3Flc2xqTkFQbWxfS0F4S1FKQ3dsc2RqcEpn?oc=5&hl=en-US&gl=US&ceid=US:en
href,United flight from SFO missing external panel after landing in Oregon - NBC Bay Area,15 Mar 2024 ,https://news.google.com/rss/articles/CBMingFBVV95cUxNLTA0Mko5bGE3bzNWOVFrOVp0WTk2S2txTEM0RTZfc3FxQ2ZLMm5wRnVCc2kyb0dfOEpYTnF4bGFibkw3T1FDb1ZBLWY3RlFoRU9Xb1ZRWGxoajZRVlhpOXI2clhEbjM4cDd1Tkw2SDlqZHdWNWs3bG1SWWN3QnlNaURCU2c3YWZ5N3Vsb3lUQ3BiQkZ1a3lRSGg4cmpNZ9IBpgFBVV95cUxPNnBpTWVVM3RjdjFlSXhPV3B5WXRHaGRidVYzdWRMZkt0bnJ1RWRiaFgtdXpweFEySGNhTVJHamNrSGltQllBWDYyTGxYWTlvZGI1Wk1rdjNfaWx6eEpZc2RjczRFbjF5bjkxcG00TzNkYkV4cUZmbGVSLVRTdEFnNGhXa2RCUHhiNm93T1lhbEE5ZFlpakFQVk4za1J0VXRkQ0puZjBn?oc=5&hl=en-US&gl=US&ceid=US:en
href,"Treasure Hunters Say They Found Amelia Earhart’s Plane. Now, They’re Looking for MH370. - Popular Mechanics",20 Mar 2024 ,https://news.google.com/rss/articles/CBMipAFBVV95cUxPMmppQkZ3NnI3YlRyNlJlX2dSTWtxRHM3amkyU2dVM2xyQnNpdnVEU3lrbTNfTUIydGxiWlJOZ3d5Mk1fa0Rqd3ZWS3Q2VWZZZFQ0UVpZNGxuZGcxRkxIbS1QVi1iUVVMMFQwZ3V2aTV6dmYxSmJHMFFkWFBKYzNrMEFGSWw4ZWpmUWMxZHh6MFViT2h5ek5HckNpQUdMWVQ1bzlpZQ?oc=5&hl=en-US&gl=US&ceid=US:en
href,Malawi soldiers search mountain forests after plane carrying vice-president goes missing - The Guardian,10 Jun 2024 ,https://news.google.com/rss/articles/CBMiqwFBVV95cUxNN3daWkZzWVhFb3BMcExtQ3VBMlc5NVU3cm5LNDdsVVRGWTMyc19ienR3NUZDMHR5MmdWa1g5cGE1UUMyNzRTeDJIM2hlOW9aVVpZZ1JZMHJfQm4wMkYyTjB1WlR5YlBCRzNvbl82TjlBekJFcm1ReHl6REk4QURMcERTV3UyeWNxZ284X1dfUnBPNjY1ZlhKdElhNWRzOVRmbEVYMXl4UElrU0XSAasBQVVfeXFMUGh5ZFNJWFF0VnFJRkktQU9uN0dYeG9UY0lkSEl2Vld1d3lwRGdTd09mTlRSM1UxY0lURXZKSWY1VGpsaGpRNzlTQVBkcDBtVWhTVXB1Z2pwN29TQ3Q4REVmaFRrT1JpNjRkZEFZY3pSRi15MGdZYm1CX2I3cWZmR2FLZU5mX2YwdHZVcEJ4MkdRRkxrWHBHWE9fczEzdFAwdER6ajdkcGgtcldn?oc=5&hl=en-US&gl=US&ceid=US:en
href,United Airlines Flight Arrives at Oregon Airport Missing an External Panel - The New York Times,15 Mar 2024 ,https://news.google.com/rss/articles/CBMilAFBVV95cUxNYmtjRW0xd05rT1NkWmdpelc0WGhtdV91TGNuZHZnanBvaVlNcDNVeFpqemt3MkZzMmRZN3B6MVhjUm12V2VnNjUwaXg0OXladG9HVVVvUi1qUFZZTlFINjhWelhfdlh6RHd4OXFFTUp4eGF4VURaTVl3LXJlY1VMV3JwU3FjaEFtNHhydjhXRHFBb0E2?oc=5&hl=en-US&gl=US&ceid=US:en
href,Scientists plan sea explosions to resolve Malaysian Airlines MH 370 mystery - The Indian Express,24 May 2024 ,https://news.google.com/rss/articles/CBMikwFBVV95cUxNZEpfdThMN181RW1HZ1RVUnV5QnZvSmFhVXR4dUR3OEt4U0RrZm9XM2lqYWhpMlYwckRXZnJ0dk9Vek4ya3RfMlBab0ZSNjBUbE9lY3RlV2hNNWl1bEZ0U1ZTWFJmVVBoclNPRW9uZEFLa2J3YVYtVml6WlhzeDl0a1I5RG9FZlVuQlJrTXpENWlXTEnSAZoBQVVfeXFMTUNveHJrZEdUOEx5SU9FUXhVV3Y1QzlGU1F1S0pQM0lDWVRkR05aQXVhckw0Zng2MWZlMGMyclBsNVdocDFKa3lkTkVJazRjVUVfbHFFckY3TnpvU1lPbTQ0bWlSbWVZMmdOS2U1bUozdGI2aXczdnNOaE1hUHZIdnJwWDBvWkE5TDZBS1JxNkNuVHh4ZGRYcy1Ddw?oc=5&hl=en-US&gl=US&ceid=US:en
href,Flight MH370: can underwater sound signals solve aviation’s greatest mystery? - The Conversation,10 Jun 2024 ,https://news.google.com/rss/articles/CBMirgFBVV95cUxOLUluTElUSnk4NGlrRkZHVGo3aEZjM25zWVhUakVaREpHemNCVThNdVpwUGxobVMxYXdveFNWWTNiVGRpVmR3YVZIaUtZZFFfMDBYSDRPXzZsRzF1eWUyRjZCYmQ0OXFtSlpTTFlwXzFPUmlvTkluWm1vRENoWkJSV1A0U21IMmxadE9sNm0wSkJGZjZScWJRRldpRWFPSmlUVWxyVThCVklZcld4TEE?oc=5&hl=en-US&gl=US&ceid=US:en
href,Flight MH370 is still missing after ten years – forensic experts explain what we know and why we haven’t found the plane - The Conversation,08 Mar 2024 ,https://news.google.com/rss/articles/CBMi5wFBVV95cUxQLVV0TWlpTXZpWWU5akp1YXh3Z056MEozaTNUZnQ4Y1ZaYW9NbVJUTm5Od016MUFsNEU5aHFKdkJHa25SNUI1Z2F2YndzLWJ3LUcyUktmTHYtQU82UHAzdE9iYVVlY1RsRlppRGlDMlFROERqOUpkQlVtNjNVM2VNQVFzelhEOV8wYXgwVS1ydi1qeU5UTTg5LXBON1FkaFFUeWFZVjJsNmphcHpDZmI2MzY4UUZTUXE2dk9sMjRoc0tFSVFLRkFRQ3hDaWdpQjJmYmxPMDZvbms3QzI2enhMZmM0WGtfVU0?oc=5&hl=en-US&gl=US&ceid=US:en
href,Video does not show mythical aircraft that ‘vanished for 37 years’ - AFP Factcheck,17 Jul 2024 ,https://news.google.com/rss/articles/CBMiWEFVX3lxTFBwYkU2V19Zc1QzeW55YzlSYVdtYlRHVm11ZHhqVVZ5R3VySlFGcGh4UERvTEJHYkhZOENMd2VyWW9qNVZoRDBuNElmaGFtVmFmYlVnRnJqdi0?oc=5&hl=en-US&gl=US&ceid=US:en
href,What really happened to Flight 293? - KING5.com,03 Oct 2024 ,https://news.google.com/rss/articles/CBMi6gFBVV95cUxOYktWaWN5ZUlEc0ZWMVBCQWcyYzlvMnpsVVZpZ0h3TFVVRXVFNmVrdUFhNFZtemVaaEQ1cmZJYmhSS3NkemMyei1TUVNydFZ4ODVRNXJFblhvLW5qTG1UOGNiZWdSdjlzY2dyQW9IUi1fRHJHbGxrdUlfaGo4aUp5VmNaLVdaaHEyMUtraHVPaUVFRkM0MEExVE11SjJXTGhSSWRBYVRjcC15YlkyZjZoUGNJNUhiZlM5QXJDTWpxSVR2a2g4SnViZC1yX1pSVElPQlNKREhqTjU5ZmtTSjBWR3FCUEhPTWR0WVE?oc=5&hl=en-US&gl=US&ceid=US:en
href,"10 years after the lost Malaysia Airlines flight, satellite tech remains a work in progress - Fast Company",04 Mar 2024 ,https://news.google.com/rss/articles/CBMixgFBVV95cUxOTkhDS0ZMaWZwOHlHNHVreWp4M3ZRQWFBS3ZKeVNUeExxVmd2eS10WWtNNjF3MkVPUTMzbm5QUWZoWWV2TVBNMnU5TXd5T3VDalgyUXBsU1I0QUJHWjI0YWJWYkFjSzU3V05Ba2FjYUlKd0ljd3RkMzhqemNzRFVuT2prbHY5bTgzVV82VmVpVHhMZWpTNEhHenZYZWRES0tvbVRKZ21CeUx5ZHotTm9IZGc0X2hLNWl0REZGaHk5WERkalRDaXc?oc=5&hl=en-US&gl=US&ceid=US:en
href,The Disappearance of the Hawaii Clipper May Not Be as Mysterious as Was Thought - Fear of Landing,29 Mar 2024 ,https://news.google.com/rss/articles/CBMitAFBVV95cUxQV3lORk51TVVYaWwyNnJKaXNKLW8zRjQ2MlFtWHdKNWRtNnhSeGNkdURHejdnbmdfWWt6UnZQNjhyaFdXU25zRWdOYVVEX044XzhlaVhyMUw5R0h3YWNPUlFnQ2FZWnQ4YWpFRElkZDRUZHJWWVpvc2QwYURKYnRWekkzTE5tU0c0ZGxPYU9pTTdDemFRTTFscGVDTDZxU2Z0WWRRVmRiS1ZkcHZ6RUlfX1ZJVGw?oc=5&hl=en-US&gl=US&ceid=US:en
href,Has Amelia Earhart’s vanished plane finally been found? - PBS NewsHour,31 Jan 2024 ,https://news.google.com/rss/articles/CBMikwFBVV95cUxNcXdaZ1N6bjdCSXpObTg3Ykl1RE5CNTJodkhCQkFKNjU3VFRnaTdfaVJCYTBsWmRyeFJsM0dlUGY1cWpWQlc5a2NzVHVQWjF2SFl6UE9mM1A4RVBFWVFSclJ1SnlyYlBhRFA5RzVNYkpzN0dDSG5mTkI1VHIzRjhzSXcyMEtaMDNNZTZqOWN4V3JydXPSAZgBQVVfeXFMTXU2LS00Ni0tcjNpdVEzRG5NdGdIanNZTURUaWpoUXNuWDk2VFVYNmVJVjNEb3puQzFkUEZ2Q1RNXzRjeENFVk5WTXRueVJyWVZkQXFUWU5nLTgxUVdOdUNDdDEzV0hzSjlyVGozeGVvbHRfUUx4UHpYTVdKNjVpakpzY1lCMVRxVlAzS0s2WXpLd2hKWVJkc3k?oc=5&hl=en-US&gl=US&ceid=US:en
href,From MH370 to the disappearance of Flying Tiger Line Flight 739: The baffling mysteries of 6 missing fligh - The Economic Times,31 Aug 2024 ,https://news.google.com/rss/articles/CBMiggJBVV95cUxQUUl2MU5EcFJTcUhEZGJiOERqa0lNVEpjN0pDUkkxRVQxdFZPU2dTeW80YXc1QjhFVWNrdWV4Q1FiTi1JMjB6ZG1sWmpqNzhQZEhEQXFnRHhCaEROQUJmNlhZai1IMGVtWGVZRl9xWEhrY1ExNkI5elR6Z1VfLS1OT0lQYTFVdFlOZUYwLXYyVE1BLWZrN204TTdaTjlxX1UxMnZ2MmMxTndEQW9YUFBjQzVvdUU5TFdvUzk5dkxnUU1WRFN0OFdTSWhWZ2lLYUNRNUpLOWlfWThZclNsNmlwa01GdUlUMDV6Nlh2QXc1bnlyQ0VaVTFXbVRRdV9IODFINlHSAYcCQVVfeXFMT0plVUJUQ3NzTUx1andmUy1vSnpnakZiLW9KQ2wyYnp3SU91aEJlLVJ0aFdiY0doUEx1VXN6RVg5SFItSDgwdHhzWWhET3Q0cHM2VVdRWHdRMzlkZmxJWWFvZkJCeC1CbUdtTjE0eUxkMTJfMTBKR054SFkxaE8xTXZDMEE3ZFFQY2xyOHNPeEdmOVFJVGUwSUNlZ3VoMDRBR3FkdVFfYktWZVZzd0ozWFhITlRURHM3aDl0cENCLTdpUkZwRmNjZFpfNTVMM1l2NkhYSFNvTTctNnJoa09WUTczaHhoRWUzbF9lWms5YTQ3d3hsbkMtanhTZ21sd1JPM2V6ZE50STA?oc=5&hl=en-US&gl=US&ceid=US:en
href,US probes Boeing 737 flight found with lost external panel after landing - Al Jazeera English,16 Mar 2024 ,https://news.google.com/rss/articles/CBMiswFBVV95cUxQa2Y4VVpyVFFISUdLOEtwaVMyS0Z6R0RfTG80R0ZwRm0xQ1gwNG94R1RDRFo2QXhVZExZcUtRXzZ2SGQwY0w2bWJ6Q2hHbWZoODJ0d2pBRUliMVkyVFdxTjdQM0k0SjlyWGNONzdGbTRJUC11aFZnM2k2Qzc5LVpzYmxYVUFjUmI1MnNNM3ZaNGVjT2lQVkV1azBRT1hQUmttYmJfd1dMMzZXYVZTdEh1Q25kb9IBuAFBVV95cUxOMUpOTkVoWURnSlNaUXlGTGFvVEtVR1R6Qk5rTzVzLVREd2tJTU1yYUs0cngtUjMxbDhaaHpBcGhwS0RMSG85WVg1bVVNVTk5RzdLRk9Ud1hIN0lFU3NVSG5JOHlJUVlFZHNaRWUySjZydU1kYmpxWkpmN1NVV0M3M2JkVV9ZNWowWGJ5LTNrcWRicGk5a0kxcVhnaXQ0cjNlTmczR1VCVG5rX1FTQVUzX1c2QmdJalRp?oc=5&hl=en-US&gl=US&ceid=US:en
href,Frozen in time: Families of those on missing Flight 370 cannot shake off their grief without answers - The Associated Press,06 Mar 2024 ,https://news.google.com/rss/articles/CBMingFBVV95cUxOZDNPZXhSRGZYNFpkUGtzS19ETGpzSk5hNlRDYVl0ODZkR2Q1d3daNEhxaFFFaXAxTmVpRUh5X295MWFXb1ZWTlBVRUNfTVRFUnVOLWluUF9GWmwyZnNtOGFxZzdkSUxCbm9RQnFMMGoydC1kVWZMcEloc3M5QktUX1liMGpKbk8wN3VqRVhtTHJBd0JIYkVUc0hydjA3Zw?oc=5&hl=en-US&gl=US&ceid=US:en
href,United flight from San Francisco lands in Oregon with fuselage panel missing - CBS San Francisco,15 Mar 2024 ,https://news.google.com/rss/articles/CBMi1gFBVV95cUxOcElySlZ5eG1LcmNHWVRYLTNBLTc2bnI3X3JWRy1OaDJEdnNUbkxGWm1lZlRkazZtaWZXYU0yRlZZOHRZbnlWdkNpRVlCT2tMQlhDbEJBZkNGdnA2LWQtSlBzVldmd2kyMmwyblFwYmQwRDg4Vm82MExqMHhaV3ZJX1A5OFR4b0NlcGk3TlAzenNWN3V6T21lbDZFT0RTMlV4T0N6aFRoZU1maFpNMDdYdTd4RkNnUDdVSVhpQkI0UGh0bkdrZlhGZlV5dDRReGpCWlowdV9n0gHbAUFVX3lxTE16SWVoUHhMZjVlenpKX094RHdIeW5vcXRhbk80ZzJ1MDJqOVFiTEdWa2NEU3VLQ1V0c3BJYTIwZXB5T29US1RoSmpaejd5UEFScnY4VG5mTGt1ckNTUjZVMGlpMm9CbXpzb0RtSk4wVUUtWDlLRng0aXhqU0RGNmdaMVk4ZWdhVTJBNDAyd3JPSEtnU2RkVFl0emEyS3M2NEhvTXg5UFhGZGlJZVpsbHlZRGNLOTRQZHcwS3BtV1JKTW5ucDJsMVdnVVJ0ZUI1VTM5M2xzWGRlaTl3OA?oc=5&hl=en-US&gl=US&ceid=US:en
href,7 Strange Plane Disappearances (& Where They Went Missing) - TheTravel,19 Jul 2024 ,https://news.google.com/rss/articles/CBMiZkFVX3lxTE5QN29tVHQ4cnVtUlRIRU52UEV0aGZZdmFDUVlqM2VyeFVXOEpvYUZoWUNsMVJHTmM5Vm9BVkd3NG9IdkpOaHJ2eWVqbmFCeUZQUTJ6dnJLTnZ3R2MwcXJMaUwzNWVSZw?oc=5&hl=en-US&gl=US&ceid=US:en
href,A Plane Vanished Over 53 Years Ago In US. Experts Say They've Found It - NDTV,17 Jun 2024 ,https://news.google.com/rss/articles/CBMirAFBVV95cUxONXRUSkVQSWlNd1B0cDRNT3ZoNHB0bmNGYzhYOFN6bUhKQUg2UXpPemoxemM3Z20zQVUtcXVSbDB6OTRkTkxLREJHQlI2NTJweVV4M0FYNzhCaUlPXzNSYnZRQVZRNW43bWc3YW5PbDVmWVZaSE9INGtGUXpxbk4wem5jTjF2Y3RyMklPU0tMVWJXTzBTYmo0TFVpam83ZEZMOWpsWl95R3I2aTRi0gG0AUFVX3lxTE9xQ3AzMDdMWVZvRVhrMXgzbXhFWXBNYkRrMU1VcVMwSkVMbVNoQWxXODBWRVVfWGMyQThaWjNiNlR0RWE0UVRmSjJVNmZiX2QtSEszWDQ1bkFHeEFNRGtZWmNiTnhGT2dPMlJqSEs0LUdWZDBnemtNR2QweG5RaEw1UTROVUZaM3hKZWtqRWpXc1pmWnZCN2F1ZW1vU2I0VkR6MUhib0FVZzdPNGdPSk5VVkNTTQ?oc=5&hl=en-US&gl=US&ceid=US:en
href,Explorers say they think they’ve found Amelia Earhart’s long-lost plane - CNN,30 Jan 2024 ,https://news.google.com/rss/articles/CBMimwFBVV95cUxOVDMtbUpfdE5zaU5BUGVTTS1OVzN1WGlnb3Zhd3BWRFFfT0hDdFJzT0U0RXFMVWU4R1JneXU2TzI2TjlMX2YwTDlXX0dremFFcUJIcHp0VzJiaUViUVIzZ1UzaFVWc3JpRkNwdGhGd0pzeERMU3lFdmVYdzhkX1IzVk84eTc1WlNWU3RfcnVrYllmYzh2Z1hYaGNyWdIBkgFBVV95cUxNWi02SmloS1JCZVpmZEU4TExEalV6dVl2SFF1cVh4U1lMeFZGak5WckwtaXoteVQ3ZFo4akgwNFNfSUdGUjJ2SEtncFFXdk1JSDNNY01id04tV3hxbnNGdHhkX0VfTWF3dlQwRmFkeWpWV3luSVZ2LVZSMDM0cjRLWFJkclB6TGFqYno3dVRWcnY0QQ?oc=5&hl=en-US&gl=US&ceid=US:en
href,Their partially sighted cat went missing on a flight. Weeks later they still don’t know what happened to it - CNN,17 Apr 2024 ,https://news.google.com/rss/articles/CBMigwFBVV95cUxPSHpNd18wdWNkWXhHODBkYll2bjdRZUVPc3B5eG5UOG5vcjdyVDdDdE9xWHIwN29uaUkyeXc3NkExbVE3alBWQjB3VnlLMTVfWlpGX1NwWDhaZEJBbk5oQVlTTEFXajVRUUMyMkFKVlZOb1c4NGllZXdZOFgxMlp5NVJBa9IBekFVX3lxTE1uemFmN0VHY21ocE5CcFdCMGJPa2Vwbkpjd1QyNjhwdlpjRVhMYVdKVkRBMy1IeVY3eGFVTzY3c0xsLXJxbVNKakdqc1ZJaFNHQ0xIZkhTYzVTejlaQzVBaGFMSmM2RVo5eW83ZDctYzdqVDc5MUtjNUFR?oc=5&hl=en-US&gl=US&ceid=US:en
href,"Tire falls off United Airlines Boeing 777 plane departing San Francisco International Airport to Osaka, crushing cars - ABC7 Bay Area",08 Mar 2024 ,https://news.google.com/rss/articles/CBMimwFBVV95cUxPdWlKT3hxRHdldmZOeVJJWW1uNFNheUJveGgtcTMyNnF3VlNBNUhKd0Z4cE0tLUZlQU5laVJvaUpmQTc2VW9fOEk5TGZxQ25kVl9wOFBSdUNPbFowNXFRMTZFWUJyVVRBVi1EY25Ra2laSFhjVE1ROWlVeUZWU0FzellLU1kxMkhRMTdwTFBPajVramFYcVI1VmRJRdIBoAFBVV95cUxQaUxNNHJONVVVQ3ZsQnVpaTN6R05fbmFwYk9lZGNZaEF1cHlsOTlRYUY4QTZjZU1iMmRhLXBCRmhfZnVXRE5JQkhFV25pa2lxX2J3TFJBTFhjTjJScGpzR1RlR1lsVmJRQzZnMXF2anFBTHVobEFja1JvTlZaeFNPektEdVlNQXV6TGZaUDZQVmtRcm5fYWZIaF9CM0Vaamtu?oc=5&hl=en-US&gl=US&ceid=US:en
href,"Ten years after Flight MH370 vanished, the mystery endures - The Washington Post",07 Mar 2024 ,https://news.google.com/rss/articles/CBMilwFBVV95cUxNZ0Y4SVhMU0JzdlpuakZFOTJycmlYV2lBVDFkczZTUlRacFJOVUZzTlpkcFhQVmVqWEZSd3llZ2pla25oaTN2cmh3ZFJHRXB0c0tKaWduUjUzQW9YclBVdHNBLVhocWNNd2tDOU94b3FqbHJxei0zOHVrUnlXNHNENUtYTE9sVXF6SFpKa2JrY04zb09MeE80?oc=5&hl=en-US&gl=US&ceid=US:en
href,Malaysia says search for missing flight MH370 must go on - DW (English),03 Mar 2024 ,https://news.google.com/rss/articles/CBMingFBVV95cUxPa3RheGFQNkY2QmhDZGU2eEd5c2tpNlk5MzJGN2tJVERidWF5NmNsLXp6bE5kdjV6eFdOWFBxM3NRWklSdGxoSU81QjdwVDJrR1FPV2Z6dG5aZmN1VVgtZkRpX1hxWmV1TFJUQzhiS2s5U2J2UDB0NzNYNDE4VlAzUDRhSU9SbGgyR0tETk1Wc1dvUVFZaC1UWVU2YzFzUdIBngFBVV95cUxPNFFzQ09hV00tcXVLbDNNc3UyaVhHN05DWlRVOWtYRmhxRFBmMDhDRDlscmJiU2QwT3pGb1lLWklkanJncWFNTXVnVXpZNzF0UWxuOXpxTUZxZjFKRVRwUnItZ19xRlNhcHd2WlZfbnVSMjFVOFBEeFNqcTE4TGc5WEFGN0lDckh3dFJTbFY5NDJRQUVvWExCMVAzcGxCZw?oc=5&hl=en-US&gl=US&ceid=US:en
href,UK Scientists Plan Seabed Explosions To Solve Mystery Of Missing Flight MH370 - NDTV,26 May 2024 ,https://news.google.com/rss/articles/CBMiuAFBVV95cUxQamVkZlVLU080VVZlNTVndzk3T2E5MGxRUFQ5T3FWUVJuVm9HUFpra1BmdjhIM2xEbUNTckVsVVIxc25VdzJPMExLMWRtUVlTZzJaNTloZzZhckU1eWlCdkRLUmRrWUFTeGFjS2RUMWhJTkcwTElHSFkzdk94X2k5QWthdjR6dENKcEZUT3hIcFk1Sm9heThacDVVam03b2N6dEdxdVZJcnQ5RHQtTzJrNnhXOGxKWUxE0gHAAUFVX3lxTFA0VzFfZFZhVFhBZXhMMmtsQjZyM2VXNlhuaGdvSWJHR2pCUzBwaWNWRy1ZYmxHdXBKSmlDbHhjVnpVTTBxV3B3YTFrWVRrcnRrTVRjYlNjUUNGYzRhWXpZUjlRVHZLQTJOV0RSQ0wwcjN4U2pueUxLa3lUT2xRNl96cXZuMXhkMUg3VHF2NWdoRHpzZjBTeERwREJaVjBvX0oxRFhGSTJLS2hRMDdMaE84U0dkYUVnQ19LMDRtU09DTg?oc=5&hl=en-US&gl=US&ceid=US:en
href,Aiken resident's search for Amelia Earhart featured in Discovery Channel documentary - The Post and Courier,05 Aug 2024 ,https://news.google.com/rss/articles/CBMizwFBVV95cUxNeXhZYy1CX0poOVVNdDBxUzRZd1JkWFVqWjJicVh0Z181QlZ3eXYxU2xnZ1JweXVscHpRS29NOHF3eW14ZV8wU3c3bVFuUG9xZEVUbzNRLWlFRjRTLThBajhnNi1ybWRVQjJfVXpJYTZteGg3ek13bWR2R0JRY05UY08wT0pZNnpUZVM2SEhHOUtqdnRZWE9qRkVLRmtMSERPWWRMZWhzWnJwY3F1R1RDQTZLV3llV2hFb2Fmd1RzM24tY1pBRkx6VTNJODhyMFE?oc=5&hl=en-US&gl=US&ceid=US:en
href,New efforts to solve Malaysia Airlines flight 370 disappearance a decade later - CBS News,09 Mar 2024 ,https://news.google.com/rss/articles/CBMirgFBVV95cUxNb0p1andCVFdKVHFsczlqUEQ1Tng1Nk83R0xpb3A1WG5qOE5uajNHbUFHS1JIR2NOS2hVdEtMb1M0UXRKRHBoanZGdThWV090VWQtT01EclcxbjZKYWdaay12cEZYWVdPd2I0Tk42S0QyUkIzc1N5Mmoyem1QNjJkb2FQQVZIUF8ySEZpNVgxZTRseUY0RUZVOUZrQmI0WkFFQlBmczhfSFljSzZ6SFE?oc=5&hl=en-US&gl=US&ceid=US:en
href,"The plane lost power and was crashing. Lucky for a Santa Rosa family, the plane had a parachute - Los Angeles Times",13 Mar 2024 ,https://news.google.com/rss/articles/CBMi3gFBVV95cUxQcEJpYXlaUkx2R3gzVTdqYnlzeFczaGlXMGlpcVprSnBZS2lHSjNaZi1uM0FBQ2NwSXVNTks3Y3FiSlZZWjNndTFmR3oxM0pWWG1ycnpwUWFWSlV6d0xDcV9pakF4YkIxbFI0NU1vZVJiYnhqenBBSmIzN0Vfc0N6dTZpWFUwV1lDWFVrUFNzM09oRm13RVI4VWVJWkR4UkVxTWtSUW03RHNSb090MlRjY0xwSl9NWE9lNF85aklVTnNiVFNvUGpuZ2dEX0N6ZGdYaDhfM0dDVzhlYTItVkE?oc=5&hl=en-US&gl=US&ceid=US:en
href,Malaysia could renew search for MH370 plane 10 years after it vanished - Al Jazeera English,03 Mar 2024 ,https://news.google.com/rss/articles/CBMirwFBVV95cUxPVWVoSlgtYUUxVXNEWFgwbFZqa0JsaHZPWTNJVVM5TzBYYlo4Q0Vqb04zMWJiV2hJOVZHd2lMS3dDWnVmc1F5d0xCZEU0LVV1aExMS0p2MTJCZHZON2R5TmFtMW9nZXVXSFlZbUY5ZzhXOXpKeHVka2t4TE9BZDFaSXo2ajhXWEhnRk9qN3AtMmhlTS0zVktUd1BvNzN1eTY1SHdoVmc4WWprcWhPU1ZZ0gG0AUFVX3lxTFAyNGNnNDNjZk81amZ1SzREWjBudFBoYmtVRXc1WWc2YklWUDJya0thV0d6WDVtVkhSUXRVOW5MNkQzRDd5SVlTMnJZMi1rMy1sTUJfMkFqc1pYZ0tnVHQzeXRaOTlndloyNDN6V0FtNWV3c1BHS3RJSVlNbThjcDEtLUlTNG1xblhTejJNeWtVYm5VUmZ0OXRIcklqd1lHbGI3N0IwQkUxYW55ZTkwNlo0bFczOA?oc=5&hl=en-US&gl=US&ceid=US:en
href,Scientist claims he knows where missing MH370 went: 'Perfect hiding spot lies in...' - The Times of India,27 Aug 2024 ,https://news.google.com/rss/articles/CBMi8wFBVV95cUxOdlhDR3F0TEpKR2I1NGVpQk1OVmVHY0habkRvQzhmYy1ZalR0RWRhdUZsYkVPcEp2ZEhvVk9haEswOVlCZ2RFMVBsX20wQ3YzXzlWakgtai0zTkdqdXNTZTlaclkxVzVlLTdVUXo1bWZTWENBck9ONEo1cjhhN3RhRTAxX2hiTDV5XzNlUjZDc24zQ3c2X2NzTDdCa3dVUFlYZjltOVptd3ZPRWZ4OHdTTGVicFJDdGQ2aDZRb2JObUVia1k4ZENSZWlSZU93cE5FcDhMc0JRb0o3Y3BBaUFYQVR6a0JEZ2ZxaXI2M1pFOVZ0UlnSAfgBQVVfeXFMT3FnemRwQ0c1QXQtN1Q0VW0zY3pCM2ljcUl5bEhVWmtvMTNpa1JwZWZBMWgwVm1QUjk3c3h1dlY5Smx3QUpSWHBPT2JnMnN1eGtheWdaLVhuUFZYTEJzcGd1ZGlEYk9FRG02VlVLbV9yRS1JdkRITGg2dEdPdE53dWpFZmRxMHVyeDlzQzQzTlpHMWlTSjVqNmxyMEQwNndKS3F2SWRoUlVSV1RENkMxdmoxSjFULVhIR2QtcFFGcVhFcXVuQmVra3VaU2dlM2hUb0swTVhnaE1xQ3p2bmxhZXFiZFRRMThqelNvazJZUU8xVEp3VUpxczQ?oc=5&hl=en-US&gl=US&ceid=US:en
href,Purdue helped buy the plane Amelia Earhart flew when she disappeared. Has it been found? - IndyStar,01 Feb 2024 ,https://news.google.com/rss/articles/CBMi5wFBVV95cUxPNGVqSDc0endTOXpOUmsxZEV0eWp5VVV2cjIweGhsWC03UFVoVjlnSnVmNWdrU3psV0NHdkxhbjdWX0JqaXNDdndCVUNWd2JfUGg2WVZnckRPZUVFRGV5QW1fNEVIUDRDZlIzRTJYZWcyQ05rNkloOWxqbDlZTldCR1NSa2RyVXRIenk2dTdKb0FrR1l6OElYTVEtLXNEdXp1SnlzR3hJOVd0RkFvNGo0WjBOdHRsTW91dmxlemZDZlRoR1lVU3hRdVU1NjVsd1RpbXJBeUxiWHhlMkdvUFM2TlRITlVrdFU?oc=5&hl=en-US&gl=US&ceid=US:en
href,What is the MH370 Case? Why did it disappear and how did scientists solve the mystery? - Jagran Josh,28 Aug 2024 ,https://news.google.com/rss/articles/CBMiwAFBVV95cUxNaFBtQV9jVDkzT2M5MTk2Z21WVWNvU056eWRacnU4djRuVEx3RWJTR1NDaGs2cE1qazB0WkxvbHY2UWZtbzNGNEJyNUZyeFJ0OUwxOU10bUdGd2d1UVg2SWx5anlIZjBlR0FoMnFMdUdNYm05MzRuRFBPcXJNeFRqX3hYUmxkXzVoa0NVQjdpRV9hamZOSWhMSm9JLU1JTEJjVXVkZ29CN3dWcWFKNHpRZzgyM1huS3RidmdVTVZnd0k?oc=5&hl=en-US&gl=US&ceid=US:en
href,Have Researchers Found Amelia Earhart’s Long-Lost Plane? - Smithsonian Magazine,29 Jan 2024 ,https://news.google.com/rss/articles/CBMiqwFBVV95cUxOa0wzVGhBNHpUSnQtdVQwWTBiMjNIU1NteVhXT2pJRXQ0SHBoY0F2NWUzR1dNRVZsMDZmYzdOTWpVblNfTjktQVdyNkhoYzQwSkkwVk4wZzYycWxqNndLVk5GVDlNUGltOUJBdXJadktNRndVNEFNX1VwRGdvcEtUNFFUem5HREF5NGt6Y2RCZ1dSZ3hINjdLeVhSbmJYdHl4aXVKY1RpbC1HMVk?oc=5&hl=en-US&gl=US&ceid=US:en
